title,company,location,link
DBA Manager,Inspired Thinking Group (ITG) Ltd.,"London, UK",https://stackoverflow.com/jobs/400062
PHP Programmer,Crow’s Nest,"Kolkata, India",https://stackoverflow.com/jobs/326994
Hiring Three.JS developer,Esoteky solutions,"Pune, India",https://stackoverflow.com/jobs/407290
Tableau Developer (Entry/Junior),Remedy Analytics,"Milwaukee, WI",https://stackoverflow.com/jobs/313120
Project Leader – Angular,Mundrisoft Solutions,"Pune, India",https://stackoverflow.com/jobs/412678
Senior PHP Developer,SimpliSafe,"Boston, MA",https://stackoverflow.com/jobs/350956
.NET Back-End Software Developer,Suzy,"New York, NY",https://stackoverflow.com/jobs/371841
DevOps Engineer (m/w/d),Mimacom,"Stuttgart, Germany",https://stackoverflow.com/jobs/372989
Fullstack Developer (Node),Resultados Digitais,"Florianópolis, Brazil",https://stackoverflow.com/jobs/410427
Junior Java Developer,AeroParker,"Stockport, UK",https://stackoverflow.com/jobs/388248
Lead Developer (MEAN/Javascript),Mutual Mobile Solutions Pvt Ltd,"Hyderabad, India",https://stackoverflow.com/jobs/410256
Lead Software Engineer,Dwelo,"Draper, UT",https://stackoverflow.com/jobs/393287
AWSエンジニア,ビットバンク株式会社,"Shinagawa City, Japan",https://stackoverflow.com/jobs/328240
Technical Support Analyst,BigChange Apps Ltd,"Leeds, UK",https://stackoverflow.com/jobs/408797
PHP Programmer,Web Design SEO Company,,https://stackoverflow.com/jobs/389264
PHP Programmer,AKS WebSoft Consulting,,https://stackoverflow.com/jobs/389457
Php Developer,PIXIBIT,"Kolkata, India",https://stackoverflow.com/jobs/377875
php developer,Immersev,"Kolkata, India",https://stackoverflow.com/jobs/326903
PHP Developer,Elphill Technology,"Kolkata, India",https://stackoverflow.com/jobs/326931
PHP Developer,CodeAchi Technologies,"Kolkata, India",https://stackoverflow.com/jobs/383060
PHP Developer,Win Webtech,"Kolkata, India",https://stackoverflow.com/jobs/326954
PHP Developer,Arrow2web Technologies Pvt Ltd,"Kolkata, India",https://stackoverflow.com/jobs/408614
Php Developer,Zestasoft,,https://stackoverflow.com/jobs/389204
PHP Developer,Delhi Developer,,https://stackoverflow.com/jobs/389211
PHP Developer,E-Definers Technology,,https://stackoverflow.com/jobs/389228
